PlatePosition,PCR,ID,OldName,MergedName,NewName
A1,pcr1,A1-pcr1,plasmid_control_pcr1,plasmid_control,plasmid_control_pcr1
A1,pcr2,A1-pcr2,plasmid_control_pcr2,plasmid_control,plasmid_control_pcr2
A1,pcr3,A1-pcr3,plasmid_control_pcr3,plasmid_control,plasmid_control_pcr3
A10,pcr1,A10-pcr1,female_transmission_kidney_pcr1,female_transmission_kidney,female_transmission_kidney_pcr1
A10,pcr2,A10-pcr2,female_transmission_kidney_pcr2,female_transmission_kidney,female_transmission_kidney_pcr2
A10,pcr3,A10-pcr3,female_transmission_kidney_pcr3,female_transmission_kidney,female_transmission_kidney_pcr3
A11,pcr1,A11-pcr1,female_transmission_spleen_pcr1,female_transmission_spleen,female_transmission_spleen_pcr1
A11,pcr2,A11-pcr2,female_transmission_spleen_pcr2,female_transmission_spleen,female_transmission_spleen_pcr2
A11,pcr3,A11-pcr3,female_transmission_spleen_pcr3,female_transmission_spleen,female_transmission_spleen_pcr3
A12,pcr1,A12-pcr1,female_transmission_overies_pcr1,female_transmission_overies,female_transmission_overies_pcr1
A12,pcr2,A12-pcr2,female_transmission_overies_pcr2,female_transmission_overies,female_transmission_overies_pcr2
A12,pcr3,A12-pcr3,female_transmission_overies_pcr3,female_transmission_overies,female_transmission_overies_pcr3
A2,pcr1,A2-pcr1,viral_stock_control_pcr1,viral_stock_control,viral_stock_control_pcr1
A2,pcr2,A2-pcr2,viral_stock_control_pcr2,viral_stock_control,viral_stock_control_pcr2
A2,pcr3,A2-pcr3,viral_stock_control_pcr3,viral_stock_control,viral_stock_control_pcr3
A3,pcr1,A3-pcr1,male_transmission_brain_pcr1,male_transmission_brain,male_transmission_brain_pcr1
A3,pcr2,A3-pcr2,male_transmission_brain_pcr2,male_transmission_brain,male_transmission_brain_pcr2
A3,pcr3,A3-pcr3,male_transmission_brain_pcr3,male_transmission_brain,male_transmission_brain_pcr3
A4,pcr1,A4-pcr1,male_transmission_spinal_cord_pcr1,male_transmission_spinal_cord,male_transmission_spinal_cord_pcr1
A4,pcr2,A4-pcr2,male_transmission_spinal_cord_pcr2,male_transmission_spinal_cord,male_transmission_spinal_cord_pcr2
A4,pcr3,A4-pcr3,male_transmission_spinal_cord_pcr3,male_transmission_spinal_cord,male_transmission_spinal_cord_pcr3
A5,pcr1,A5-pcr1,male_transmission_testis_pcr1,male_transmission_testis,male_transmission_testis_pcr1
A5,pcr2,A5-pcr2,male_transmission_testis_pcr2,male_transmission_testis,male_transmission_testis_pcr2
A5,pcr3,A5-pcr3,male_transmission_testis_pcr3,male_transmission_testis,male_transmission_testis_pcr3
A6,pcr1,A6-pcr1,male_transmission_kidney_pcr1,male_transmission_kidney,male_transmission_kidney_pcr1
A6,pcr2,A6-pcr2,male_transmission_kidney_pcr2,male_transmission_kidney,male_transmission_kidney_pcr2
A6,pcr3,A6-pcr3,male_transmission_kidney_pcr3,male_transmission_kidney,male_transmission_kidney_pcr3
A7,pcr1,A7-pcr1,male_transmission_liver_pcr1,male_transmission_liver,male_transmission_liver_pcr1
A7,pcr2,A7-pcr2,male_transmission_liver_pcr2,male_transmission_liver,male_transmission_liver_pcr2
A7,pcr3,A7-pcr3,male_transmission_liver_pcr3,male_transmission_liver,male_transmission_liver_pcr3
A8,pcr1,A8-pcr1,female_transmission_brain_pcr1,female_transmission_brain,female_transmission_brain_pcr1
A8,pcr2,A8-pcr2,female_transmission_brain_pcr2,female_transmission_brain,female_transmission_brain_pcr2
A8,pcr3,A8-pcr3,female_transmission_brain_pcr3,female_transmission_brain,female_transmission_brain_pcr3
A9,pcr1,A9-pcr1,female_transmission_spinal_cord_pcr1,female_transmission_spinal_cord,female_transmission_spinal_cord_pcr1
A9,pcr2,A9-pcr2,female_transmission_spinal_cord_pcr2,female_transmission_spinal_cord,female_transmission_spinal_cord_pcr2
A9,pcr3,A9-pcr3,female_transmission_spinal_cord_pcr3,female_transmission_spinal_cord,female_transmission_spinal_cord_pcr3
B1,pcr1,B1-pcr1,female_transmission_liver_pcr1,female_transmission_liver,female_transmission_liver_pcr1
B1,pcr2,B1-pcr2,female_transmission_liver_pcr2,female_transmission_liver,female_transmission_liver_pcr2
B1,pcr3,B1-pcr3,female_transmission_liver_pcr3,female_transmission_liver,female_transmission_liver_pcr3
B10,pcr1,B10-pcr1,infar_m-red_reproductive_pcr1,infar_f-red_reproductive,infar_f-red_reproductive_pcr1
B10,pcr2,B10-pcr2,infar_m-black_reproductive_pcr2,infar_f-red_reproductive,infar_f-red_reproductive_pcr2
B10,pcr3,B10-pcr3,infko_m-black_brain_pcr3,infko_m-black_brain,infko_m-black_brain_pcr3
B11,pcr1,B11-pcr1,infar_m-black_reproductive_pcr1,infar_m-red_reproductive,infar_m-red_reproductive_pcr1
B11,pcr2,B11-pcr2,infko_f-black_reproductive_pcr2,infar_m-red_reproductive,infar_m-red_reproductive_pcr2
B11,pcr3,B11-pcr3,infar_f-red_reproductive_pcr3,infar_f-red_reproductive,infar_f-red_reproductive_pcr3
B12,pcr1,B12-pcr1,infko_f-black_reproductive_pcr1,infar_m-black_reproductive,infar_m-black_reproductive_pcr1
B12,pcr2,B12-pcr2,infko_m-red_reproductive_pcr2,infar_m-black_reproductive,infar_m-black_reproductive_pcr2
B12,pcr3,B12-pcr3,infar_m-red_reproductive_pcr3,infar_m-red_reproductive,infar_m-red_reproductive_pcr3
B2,pcr1,B2-pcr1,female_transmission_uterus_pcr1,female_transmission_uterus,female_transmission_uterus_pcr1
B2,pcr2,B2-pcr2,female_transmission_uterus_pcr2,female_transmission_uterus,female_transmission_uterus_pcr2
B2,pcr3,B2-pcr3,female_transmission_uterus_pcr3,female_transmission_uterus,female_transmission_uterus_pcr3
B3,pcr1,B3-pcr1,female_transmission_blood_pcr1,female_transmission_blood,female_transmission_blood_pcr1
B3,pcr2,B3-pcr2,female_transmission_blood_pcr2,female_transmission_blood,female_transmission_blood_pcr2
B3,pcr3,B3-pcr3,female_transmission_blood_pcr3,female_transmission_blood,female_transmission_blood_pcr3
B4,pcr1,B4-pcr1,infar_m-red_brain_pcr1,infar_f-red_brain,infar_f-red_brain_pcr1
B4,pcr2,B4-pcr2,infar_m-black_brain_pcr2,infar_f-red_brain,infar_f-red_brain_pcr2
B4,pcr3,B4-pcr3,female_transmission_bone_marrow_pcr3,female_transmission_bone_marrow,female_transmission_bone_marrow_pcr3
B5,pcr1,B5-pcr1,infar_m-black_brain_pcr1,infar_m-red_brain,infar_m-red_brain_pcr1
B5,pcr2,B5-pcr2,infko_f-black_brain_pcr2,infar_m-red_brain,infar_m-red_brain_pcr2
B5,pcr3,B5-pcr3,infar_f-red_brain_pcr3,infar_f-red_brain,infar_f-red_brain_pcr3
B6,pcr1,B6-pcr1,infko_f-black_brain_pcr1,infar_m-black_brain,infar_m-black_brain_pcr1
B6,pcr2,B6-pcr2,infko_m-red_brain_pcr2,infar_m-black_brain,infar_m-black_brain_pcr2
B6,pcr3,B6-pcr3,infar_m-red_brain_pcr3,infar_m-red_brain,infar_m-red_brain_pcr3
B7,pcr1,B7-pcr1,infko_m-red_brain_pcr1,infko_f-black_brain,infko_f-black_brain_pcr1
B7,pcr2,B7-pcr2,infko_m-black_brain_pcr2,infko_f-black_brain,infko_f-black_brain_pcr2
B7,pcr3,B7-pcr3,infar_m-black_brain_pcr3,infar_m-black_brain,infar_m-black_brain_pcr3
B8,pcr1,B8-pcr1,infko_m-black_brain_pcr1,infko_m-red_brain,infko_m-red_brain_pcr1
B8,pcr2,B8-pcr2,infar_f-red_reproductive_pcr2,infko_m-red_brain,infko_m-red_brain_pcr2
B8,pcr3,B8-pcr3,infko_f-black_brain_pcr3,infko_f-black_brain,infko_f-black_brain_pcr3
B9,pcr1,B9-pcr1,infar_f-red_reproductive_pcr1,infko_m-black_brain,infko_m-black_brain_pcr1
B9,pcr2,B9-pcr2,infar_m-red_reproductive_pcr2,infko_m-black_brain,infko_m-black_brain_pcr2
B9,pcr3,B9-pcr3,infko_m-red_brain_pcr3,infko_m-red_brain,infko_m-red_brain_pcr3
C1,pcr1,C1-pcr1,infko_m-red_reproductive_pcr1,infko_f-black_reproductive,infko_f-black_reproductive_pcr1
C1,pcr2,C1-pcr2,infko_m-black_reproductive_pcr2,infko_f-black_reproductive,infko_f-black_reproductive_pcr2
C1,pcr3,C1-pcr3,infar_m-black_reproductive_pcr3,infar_m-black_reproductive,infar_m-black_reproductive_pcr3
C10,pcr1,C10-pcr1,infar_m-red_liver_pcr1,infar_f-red_liver,infar_f-red_liver_pcr1
C10,pcr2,C10-pcr2,infko_m-black_spleen_pcr2,infko_f-black_liver,infko_f-black_liver_pcr2
C10,pcr3,C10-pcr3,infko_m-black_kidneys_pcr3,infko_m-black_kidneys,infko_m-black_kidneys_pcr3
C11,pcr1,C11-pcr1,infar_m-black_liver_pcr1,infar_m-red_liver,infar_m-red_liver_pcr1
C11,pcr2,C11-pcr2,infar_f-red_spinal_cord_pcr2,infko_m-red_liver,infko_m-red_liver_pcr2
C11,pcr3,C11-pcr3,infko_f-black_liver_pcr3,infko_f-black_liver,infko_f-black_liver_pcr3
C12,pcr1,C12-pcr1,infko_f-black_liver_pcr1,infar_m-black_liver,infar_m-black_liver_pcr1
C12,pcr2,C12-pcr2,infar_m-red_spinal_cord_pcr2,infko_m-black_liver,infko_m-black_liver_pcr2
C12,pcr3,C12-pcr3,infko_m-red_liver_pcr3,infko_m-red_liver,infko_m-red_liver_pcr3
C2,pcr1,C2-pcr1,infko_m-black_reproductive_pcr1,infko_m-red_reproductive,infko_m-red_reproductive_pcr1
C2,pcr2,C2-pcr2,infar_f-red_kidneys_pcr2,infko_m-red_reproductive,infko_m-red_reproductive_pcr2
C2,pcr3,C2-pcr3,infko_f-black_reproductive_pcr3,infko_f-black_reproductive,infko_f-black_reproductive_pcr3
C3,pcr1,C3-pcr1,infar_f-red_kidneys_pcr1,infko_m-black_reproductive,infko_m-black_reproductive_pcr1
C3,pcr2,C3-pcr2,infar_m-red_kidneys_pcr2,infko_m-black_reproductive,infko_m-black_reproductive_pcr2
C3,pcr3,C3-pcr3,infko_m-red_reproductive_pcr3,infko_m-red_reproductive,infko_m-red_reproductive_pcr3
C4,pcr1,C4-pcr1,infar_m-red_kidneys_pcr1,infar_f-red_kidneys,infar_f-red_kidneys_pcr1
C4,pcr2,C4-pcr2,infar_m-black_kidneys_pcr2,infar_f-red_kidneys,infar_f-red_kidneys_pcr2
C4,pcr3,C4-pcr3,infko_m-black_reproductive_pcr3,infko_m-black_reproductive,infko_m-black_reproductive_pcr3
C5,pcr1,C5-pcr1,infar_m-black_kidneys_pcr1,infar_m-red_kidneys,infar_m-red_kidneys_pcr1
C5,pcr2,C5-pcr2,infko_f-black_kidneys_pcr2,infar_m-red_kidneys,infar_m-red_kidneys_pcr2
C5,pcr3,C5-pcr3,infar_f-red_kidneys_pcr3,infar_f-red_kidneys,infar_f-red_kidneys_pcr3
C6,pcr1,C6-pcr1,infko_f-black_kidneys_pcr1,infar_m-black_kidneys,infar_m-black_kidneys_pcr1
C6,pcr2,C6-pcr2,infko_m-red_kidneys_pcr2,infar_m-black_kidneys,infar_m-black_kidneys_pcr2
C6,pcr3,C6-pcr3,infar_m-red_kidneys_pcr3,infar_m-red_kidneys,infar_m-red_kidneys_pcr3
C7,pcr1,C7-pcr1,infko_m-red_kidneys_pcr1,infko_f-black_kidneys,infko_f-black_kidneys_pcr1
C7,pcr2,C7-pcr2,infko_m-black_kidneys_pcr2,infko_f-black_kidneys,infko_f-black_kidneys_pcr2
C7,pcr3,C7-pcr3,infar_m-black_kidneys_pcr3,infar_m-black_kidneys,infar_m-black_kidneys_pcr3
C8,pcr1,C8-pcr1,infko_m-black_kidneys_pcr1,infko_m-red_kidneys,infko_m-red_kidneys_pcr1
C8,pcr2,C8-pcr2,infko_f-black_liver_pcr2,infko_m-red_kidneys,infko_m-red_kidneys_pcr2
C9,pcr1,C9-pcr1,infar_f-red_liver_pcr1,infko_m-black_kidneys,infko_m-black_kidneys_pcr1
C9,pcr2,C9-pcr2,infar_m-red_spleen_pcr2,infko_m-black_kidneys,infko_m-black_kidneys_pcr2
C9,pcr3,C9-pcr3,infko_m-red_kidneys_pcr3,infko_m-red_kidneys,infko_m-red_kidneys_pcr3
D1,pcr1,D1-pcr1,infko_m-red_liver_pcr1,infko_f-black_liver,infko_f-black_liver_pcr1
D1,pcr2,D1-pcr2,infar_m-black_spinal_cord_pcr2,infar_f-red_spleen,infar_f-red_spleen_pcr2
D1,pcr3,D1-pcr3,infar_f-red_spleen_pcr3,infar_f-red_spleen,infar_f-red_spleen_pcr3
D10,pcr1,D10-pcr1,infar_m-red_spinal_cord_pcr1,infar_f-red_spinal_cord,infar_f-red_spinal_cord_pcr1
D10,pcr2,D10-pcr2,infko_m-black_bone_marrow_pcr2,infko_f-black_spinal_cord,infko_f-black_spinal_cord_pcr2
D10,pcr3,D10-pcr3,infko_f-black_spinal_cord_pcr3,infko_f-black_spinal_cord,infko_f-black_spinal_cord_pcr3
D11,pcr1,D11-pcr1,infar_m-black_spinal_cord_pcr1,infar_m-red_spinal_cord,infar_m-red_spinal_cord_pcr1
D11,pcr2,D11-pcr2,infar_f-red_blood_pcr2,infko_m-red_spinal_cord,infko_m-red_spinal_cord_pcr2
D11,pcr3,D11-pcr3,infko_m-red_spinal_cord_pcr3,infko_m-red_spinal_cord,infko_m-red_spinal_cord_pcr3
D12,pcr1,D12-pcr1,infko_f-black_spinal_cord_pcr1,infar_m-black_spinal_cord,infar_m-black_spinal_cord_pcr1
D12,pcr2,D12-pcr2,infar_m-red_blood_pcr2,infko_m-black_spinal_cord,infko_m-black_spinal_cord_pcr2
D12,pcr3,D12-pcr3,infko_m-black_spinal_cord_pcr3,infko_m-black_spinal_cord,infko_m-black_spinal_cord_pcr3
D2,pcr1,D2-pcr1,infko_m-black_liver_pcr1,infko_m-red_liver,infko_m-red_liver_pcr1
D2,pcr2,D2-pcr2,infko_f-black_spinal_cord_pcr2,infar_m-red_spleen,infar_m-red_spleen_pcr2
D2,pcr3,D2-pcr3,infar_m-red_spleen_pcr3,infar_m-red_spleen,infar_m-red_spleen_pcr3
D3,pcr1,D3-pcr1,infar_f-red_spleen_pcr1,infko_m-black_liver,infko_m-black_liver_pcr1
D3,pcr2,D3-pcr2,infko_m-red_spinal_cord_pcr2,infar_m-black_spleen,infar_m-black_spleen_pcr2
D3,pcr3,D3-pcr3,infar_m-black_spleen_pcr3,infar_m-black_spleen,infar_m-black_spleen_pcr3
D4,pcr1,D4-pcr1,infar_m-red_spleen_pcr1,infar_f-red_spleen,infar_f-red_spleen_pcr1
D4,pcr2,D4-pcr2,infko_m-black_spinal_cord_pcr2,infko_f-black_spleen,infko_f-black_spleen_pcr2
D4,pcr3,D4-pcr3,infko_f-black_spleen_pcr3,infko_f-black_spleen,infko_f-black_spleen_pcr3
D5,pcr1,D5-pcr1,infar_m-black_spleen_pcr1,infar_m-red_spleen,infar_m-red_spleen_pcr1
D5,pcr2,D5-pcr2,infar_f-red_bone_marrow_pcr2,infko_m-red_spleen,infko_m-red_spleen_pcr2
D5,pcr3,D5-pcr3,infko_m-red_spleen_pcr3,infko_m-red_spleen,infko_m-red_spleen_pcr3
D6,pcr1,D6-pcr1,infko_f-black_spleen_pcr1,infar_m-black_spleen,infar_m-black_spleen_pcr1
D6,pcr2,D6-pcr2,infar_m-red_bone_marrow_pcr2,infko_m-black_spleen,infko_m-black_spleen_pcr2
D6,pcr3,D6-pcr3,infko_m-black_spleen_pcr3,infko_m-black_spleen,infko_m-black_spleen_pcr3
D7,pcr1,D7-pcr1,infko_m-red_spleen_pcr1,infko_f-black_spleen,infko_f-black_spleen_pcr1
D7,pcr2,D7-pcr2,infar_m-black_bone_marrow_pcr2,infar_f-red_spinal_cord,infar_f-red_spinal_cord_pcr2
D7,pcr3,D7-pcr3,infar_f-red_spinal_cord_pcr3,infar_f-red_spinal_cord,infar_f-red_spinal_cord_pcr3
D8,pcr1,D8-pcr1,infko_m-black_spleen_pcr1,infko_m-red_spleen,infko_m-red_spleen_pcr1
D8,pcr2,D8-pcr2,infko_f-black_bone_marrow_pcr2,infar_m-red_spinal_cord,infar_m-red_spinal_cord_pcr2
D8,pcr3,D8-pcr3,infar_m-red_spinal_cord_pcr3,infar_m-red_spinal_cord,infar_m-red_spinal_cord_pcr3
D9,pcr1,D9-pcr1,infar_f-red_spinal_cord_pcr1,infko_m-black_spleen,infko_m-black_spleen_pcr1
D9,pcr2,D9-pcr2,infko_m-red_bone_marrow_pcr2,infar_m-black_spinal_cord,infar_m-black_spinal_cord_pcr2
D9,pcr3,D9-pcr3,infar_m-black_spinal_cord_pcr3,infar_m-black_spinal_cord,infar_m-black_spinal_cord_pcr3
E1,pcr1,E1-pcr1,infko_m-red_spinal_cord_pcr1,infko_f-black_spinal_cord,infko_f-black_spinal_cord_pcr1
E1,pcr2,E1-pcr2,infar_m-black_blood_pcr2,infar_f-red_bone_marrow,infar_f-red_bone_marrow_pcr2
E1,pcr3,E1-pcr3,infar_f-red_bone_marrow_pcr3,infar_f-red_bone_marrow,infar_f-red_bone_marrow_pcr3
E10,pcr1,E10-pcr1,infar_m-red_blood_pcr1,infar_f-red_blood,infar_f-red_blood_pcr1
E10,pcr2,E10-pcr2,spinal_cord_ifn--_red_needle_e10_pcr2,infko_f-black_blood,infko_f-black_blood_pcr2
E10,pcr3,E10-pcr3,blood_meal_control_2_pcr3,blood_meal_control_2,blood_meal_control_2_pcr3
E11,pcr1,E11-pcr1,infar_m-black_blood_pcr1,infar_m-red_blood,infar_m-red_blood_pcr1
E11,pcr2,E11-pcr2,spleen_fn--_red-b-red_transmission_pcr2,infko_m-red_blood,infko_m-red_blood_pcr2
E11,pcr3,E11-pcr3,mosquito_9_pcr3,mosquito_9,mosquito_9_pcr3
E12,pcr1,E12-pcr1,infko_f-black_blood_pcr1,infar_m-black_blood,infar_m-black_blood_pcr1
E12,pcr2,E12-pcr2,mosquito_19_e12_pcr2,infko_m-black_blood,infko_m-black_blood_pcr2
E12,pcr3,E12-pcr3,mosquito_19_pcr3,mosquito_19,mosquito_19_pcr3
E2,pcr1,E2-pcr1,infko_m-black_spinal_cord_pcr1,infko_m-red_spinal_cord,infko_m-red_spinal_cord_pcr1
E2,pcr2,E2-pcr2,infko_f-black_blood_pcr2,infar_m-red_bone_marrow,infar_m-red_bone_marrow_pcr2
E2,pcr3,E2-pcr3,infar_m-red_bone_marrow_pcr3,infar_m-red_bone_marrow,infar_m-red_bone_marrow_pcr3
E3,pcr1,E3-pcr1,infar_f-red_bone_marrow_pcr1,infko_m-black_spinal_cord,infko_m-black_spinal_cord_pcr1
E3,pcr2,E3-pcr2,infko_m-red_blood_pcr2,infar_m-black_bone_marrow,infar_m-black_bone_marrow_pcr2
E3,pcr3,E3-pcr3,infar_m-black_bone_marrow_pcr3,infar_m-black_bone_marrow,infar_m-black_bone_marrow_pcr3
E4,pcr1,E4-pcr1,infar_m-red_bone_marrow_pcr1,infar_f-red_bone_marrow,infar_f-red_bone_marrow_pcr1
E4,pcr2,E4-pcr2,infko_m-black_blood_pcr2,infko_f-black_bone_marrow,infko_f-black_bone_marrow_pcr2
E4,pcr3,E4-pcr3,infko_f-black_bone_marrow_pcr3,infko_f-black_bone_marrow,infko_f-black_bone_marrow_pcr3
E5,pcr1,E5-pcr1,infar_m-black_bone_marrow_pcr1,infar_m-red_bone_marrow,infar_m-red_bone_marrow_pcr1
E5,pcr2,E5-pcr2,blood_meal_control_1_pcr2,infko_m-red_bone_marrow,infko_m-red_bone_marrow_pcr2
E5,pcr3,E5-pcr3,infko_m-red_bone_marrow_pcr3,infko_m-red_bone_marrow,infko_m-red_bone_marrow_pcr3
E6,pcr1,E6-pcr1,infko_f-black_bone_marrow_pcr1,infar_m-black_bone_marrow,infar_m-black_bone_marrow_pcr1
E6,pcr2,E6-pcr2,blood_meal_control_2_pcr2,infko_m-black_bone_marrow,infko_m-black_bone_marrow_pcr2
E6,pcr3,E6-pcr3,infko_m-black_bone_marrow_pcr3,infko_m-black_bone_marrow,infko_m-black_bone_marrow_pcr3
E7,pcr1,E7-pcr1,infko_m-red_bone_marrow_pcr1,infko_f-black_bone_marrow,infko_f-black_bone_marrow_pcr1
E7,pcr2,E7-pcr2,mosquito_9_pcr2,infar_f-red_blood,infar_f-red_blood_pcr2
E7,pcr3,E7-pcr3,infar_m-black_blood_pcr3,infar_m-black_blood,infar_m-black_blood_pcr3
E8,pcr1,E8-pcr1,infko_m-black_bone_marrow_pcr1,infko_m-red_bone_marrow,infko_m-red_bone_marrow_pcr1
E8,pcr2,E8-pcr2,mosquito_19_e8_pcr2,infar_m-red_blood,infar_m-red_blood_pcr2
E8,pcr3,E8-pcr3,infko_m-black_blood_pcr3,infko_m-black_blood,infko_m-black_blood_pcr3
E9,pcr1,E9-pcr1,infar_f-red_blood_pcr1,infko_m-black_bone_marrow,infko_m-black_bone_marrow_pcr1
E9,pcr2,E9-pcr2,brain_ifn--_red_needle_e9_pcr2,infar_m-black_blood,infar_m-black_blood_pcr2
E9,pcr3,E9-pcr3,blood_meal_control_1_pcr3,blood_meal_control_1,blood_meal_control_1_pcr3
F1,pcr1,F1-pcr1,infko_m-red_blood_pcr1,infko_f-black_blood,infko_f-black_blood_pcr1
F1,pcr2,F1-pcr2,brain_ifn--_red_needle_f1_pcr2,blood_meal_control_1,blood_meal_control_1_pcr2
F1,pcr3,F1-pcr3,mosquito_1_-_101817_pcr3,mosquito_1_-_101817,mosquito_1_-_101817_pcr3
F10,pcr1,F10-pcr1,reproductive_ifn--_red_needle_f10_pcr1,mosquito_14,mosquito_14_pcr1
F10,pcr2,F10-pcr2,spleen_ifn--_red_needle_pcr2,spleen_ifn--_red_needle,spleen_ifn--_red_needle_pcr2
F10,pcr3,F10-pcr3,kidneys_fn--_red-b-red_transmission_pcr3,kidneys_fn--_red-b-red_transmission,kidneys_fn--_red-b-red_transmission_pcr3
F11,pcr1,F11-pcr1,liver_ifn--_red_needle_f11_pcr1,mosquito_16,mosquito_16_pcr1
F11,pcr2,F11-pcr2,brain_ifn--_red-b-red_transmission_pcr2,brain_ifn--_red-b-red_transmission,brain_ifn--_red-b-red_transmission_pcr2
F11,pcr3,F11-pcr3,liver_fn--_red-b-red_transmission_pcr3,liver_fn--_red-b-red_transmission,liver_fn--_red-b-red_transmission_pcr3
F12,pcr1,F12-pcr1,blood_ifn--_red_needle_f12_pcr1,mosquito_18,mosquito_18_pcr1
F12,pcr2,F12-pcr2,spinal_cord_fn--_red-b-red_transmission_pcr2,spinal_cord_fn--_red-b-red_transmission,spinal_cord_fn--_red-b-red_transmission_pcr2
F12,pcr3,F12-pcr3,spleen_fn--_red-b-red_transmission_pcr3,spleen_fn--_red-b-red_transmission,spleen_fn--_red-b-red_transmission_pcr3
F2,pcr1,F2-pcr1,infko_m-black_blood_pcr1,infko_m-red_blood,infko_m-red_blood_pcr1
F2,pcr2,F2-pcr2,spinal_cord_ifn--_red_needle_f2_pcr2,blood_meal_control_2,blood_meal_control_2_pcr2
F2,pcr3,F2-pcr3,brain_ifn--_red_needle_pcr3,brain_ifn--_red_needle,brain_ifn--_red_needle_pcr3
F3,pcr1,F3-pcr1,blood_meal_control_1_pcr1,infko_m-black_blood,infko_m-black_blood_pcr1
F3,pcr2,F3-pcr2,spleen_fn--_red-b-red_transmission_f3_pcr2,mosquito_9,mosquito_9_pcr2
F3,pcr3,F3-pcr3,spinal_cord_ifn--_red_needle_pcr3,spinal_cord_ifn--_red_needle,spinal_cord_ifn--_red_needle_pcr3
F4,pcr1,F4-pcr1,blood_meal_control_2_pcr1,blood_meal_control_1,blood_meal_control_1_pcr1
F4,pcr2,F4-pcr2,mosquito_19_f4_pcr2,mosquito_19,mosquito_19_pcr2
F4,pcr3,F4-pcr3,reproductive_ifn--_red_needle_pcr3,reproductive_ifn--_red_needle,reproductive_ifn--_red_needle_pcr3
F5,pcr1,F5-pcr1,mosquito_1_pcr1,blood_meal_control_2,blood_meal_control_2_pcr1
F5,pcr2,F5-pcr2,brain_ifn--_red_needle_f5_pcr2,brain_ifn--_red_needle,brain_ifn--_red_needle_pcr2
F5,pcr3,F5-pcr3,kidneys_ifn--_red_needle_pcr3,kidneys_ifn--_red_needle,kidneys_ifn--_red_needle_pcr3
F6,pcr1,F6-pcr1,mosquito_4_pcr1,mosquito_1,mosquito_1_pcr1
F6,pcr2,F6-pcr2,spinal_cord_ifn--_red_needle_f6_pcr2,spinal_cord_ifn--_red_needle,spinal_cord_ifn--_red_needle_pcr2
F6,pcr3,F6-pcr3,liver_ifn--_red_needle_pcr3,liver_ifn--_red_needle,liver_ifn--_red_needle_pcr3
F7,pcr1,F7-pcr1,mosquito_14_pcr1,mosquito_4,mosquito_4_pcr1
F7,pcr2,F7-pcr2,reproductive_ifn--_red_needle_pcr2,reproductive_ifn--_red_needle,reproductive_ifn--_red_needle_pcr2
F7,pcr3,F7-pcr3,spleen_ifn--_red_needle_pcr3,spleen_ifn--_red_needle,spleen_ifn--_red_needle_pcr3
F8,pcr1,F8-pcr1,mosquito_18_pcr1,mosquito_6,mosquito_6_pcr1
F8,pcr2,F8-pcr2,kidneys_ifn--_red_needle_pcr2,kidneys_ifn--_red_needle,kidneys_ifn--_red_needle_pcr2
F8,pcr3,F8-pcr3,brain_ifn--_red-b-red_transmission_pcr3,brain_ifn--_red-b-red_transmission,brain_ifn--_red-b-red_transmission_pcr3
F9,pcr1,F9-pcr1,mosquito_25_f9_pcr1,mosquito_9,mosquito_9_pcr1
F9,pcr2,F9-pcr2,liver_ifn--_red_needle_pcr2,liver_ifn--_red_needle,liver_ifn--_red_needle_pcr2
F9,pcr3,F9-pcr3,spinal_cord_fn--_red-b-red_transmission_pcr3,spinal_cord_fn--_red-b-red_transmission,spinal_cord_fn--_red-b-red_transmission_pcr3
G1,pcr1,G1-pcr1,brain_ifn--_red-b-red_transmission_g1_pcr1,mosquito_19,mosquito_19_pcr1
G1,pcr2,G1-pcr2,kidneys_fn--_red-b-red_transmission_pcr2,kidneys_fn--_red-b-red_transmission,kidneys_fn--_red-b-red_transmission_pcr2
G1,pcr3,G1-pcr3,negative_control_te_pcr3,negative_control_te,negative_control_te_pcr3
G10,pcr1,G10-pcr1,liver_ifn--_red_needle_g10_pcr1,liver_ifn--_red_needle,liver_ifn--_red_needle_pcr1
G11,pcr1,G11-pcr1,spleen_ifn--_red_needle_pcr1,spleen_ifn--_red_needle,spleen_ifn--_red_needle_pcr1
G12,pcr1,G12-pcr1,blood_ifn--_red_needle_g12_pcr1,blood_ifn--_red_needle,blood_ifn--_red_needle_pcr1
G2,pcr1,G2-pcr1,spleen_fn--_red-b-red_transmission_g2_pcr1,mosquito_23,mosquito_23_pcr1
G2,pcr2,G2-pcr2,liver_fn--_red-b-red_transmission_pcr2,liver_fn--_red-b-red_transmission,liver_fn--_red-b-red_transmission_pcr2
G2,pcr3,G2-pcr3,demux_negative_control_pcr3,demux_negative_control,demux_negative_control_pcr3
G3,pcr1,G3-pcr1,mosquito_25_g3_pcr1,mosquito_25,mosquito_25_pcr1
G3,pcr2,G3-pcr2,spleen_fn--_red-b-red_transmission_g3_pcr2,spleen_fn--_red-b-red_transmission,spleen_fn--_red-b-red_transmission_pcr2
G4,pcr1,G4-pcr1,mosquito_1_-_101817_pcr1,mosquito_1_-_101817,mosquito_1_-_101817_pcr1
G4,pcr2,G4-pcr2,negative_control_te_pcr2,negative_control_te,negative_control_te_pcr2
G5,pcr1,G5-pcr1,mosquito_4_-_101817_pcr1,mosquito_4_-_101817,mosquito_4_-_101817_pcr1
G5,pcr2,G5-pcr2,demux_negative_control_pcr2,demux_negative_control,demux_negative_control_pcr2
G6,pcr1,G6-pcr1,brain_ifn--_red_needle_pcr1,brain_ifn--_red_needle,brain_ifn--_red_needle_pcr1
G7,pcr1,G7-pcr1,spinal_cord_ifn--_red_needle_pcr1,spinal_cord_ifn--_red_needle,spinal_cord_ifn--_red_needle_pcr1
G8,pcr1,G8-pcr1,reproductive_ifn--_red_needle_g8_pcr1,reproductive_ifn--_red_needle,reproductive_ifn--_red_needle_pcr1
G9,pcr1,G9-pcr1,kidneys_ifn--_red_needle_pcr1,kidneys_ifn--_red_needle,kidneys_ifn--_red_needle_pcr1
H1,pcr1,H1-pcr1,brain_ifn--_red-b-red_transmission_h1_pcr1,brain_ifn--_red-b-red_transmission,brain_ifn--_red-b-red_transmission_pcr1
H2,pcr1,H2-pcr1,spinal_cord_fn--_red-b-red_transmission_pcr1,spinal_cord_fn--_red-b-red_transmission,spinal_cord_fn--_red-b-red_transmission_pcr1
H3,pcr1,H3-pcr1,kidneys_fn--_red-b-red_transmission_pcr1,kidneys_fn--_red-b-red_transmission,kidneys_fn--_red-b-red_transmission_pcr1
H4,pcr1,H4-pcr1,liver_fn--_red-b-red_transmission_pcr1,liver_fn--_red-b-red_transmission,liver_fn--_red-b-red_transmission_pcr1
H5,pcr1,H5-pcr1,spleen_fn--_red-b-red_transmission_h5_pcr1,spleen_fn--_red-b-red_transmission,spleen_fn--_red-b-red_transmission_pcr1
H6,pcr1,H6-pcr1,negative_control_te_pcr1,negative_control_te,negative_control_te_pcr1
H7,pcr1,H7-pcr1,demux_negative_control_pcr1,demux_negative_control,demux_negative_control_pcr1
